,Kabupaten Bangkalan,Kabupaten Banyuwangi,Kabupaten Blitar,Kabupaten Bojonegoro,Kabupaten Bondowoso,Kabupaten Gresik,Kabupaten Jember,Kabupaten Jombang,Kabupaten Kediri,Kabupaten Lamongan,Kabupaten Lumajang,Kabupaten Madiun,Kabupaten Magetan,Kabupaten Malang,Kabupaten Mojokerto,Kabupaten Nganjuk,Kabupaten Ngawi,Kabupaten Pacitan,Kabupaten Pamekasan,Kabupaten Pasuruan,Kabupaten Ponorogo,Kabupaten Probolinggo,Kabupaten Sampang,Kabupaten Sidoarjo,Kabupaten Situbondo,Kabupaten Sumenep,Kabupaten Trenggalek,Kabupaten Tuban,Kabupaten Tulungagung,Kota Batu,Kota Blitar,Kota Kediri,Kota Madiun,Kota Malang,Kota Mojokerto,Kota Pasuruan,Kota Probolinggo,Kota Surabaya
2017-01-31,0.5374263412450953,0.5341583953543924,0.5207755494878932,0.4816169140410585,0.4912565357158202,0.4136620378521947,0.6337834640707949,0.6113643997524454,0.6027681215956993,0.2967424163428835,0.0626913279052561,0.4886251373383705,0.2549389601281405,0.5034639848110477,0.4640833098314326,0.5700149188809965,0.6597668252254355,0.4726703027631093,0.431000800664135,0.2152295481885036,0.6912540954967731,0.6186677768721154,0.4699372134673408,0.2934922554292465,0.5493129609926135,0.4816771257060478,0.6289949591327688,0.5515679071621011,0.5387751149017325,0.3105862741972972,0.3245361604229272,0.5633061566428719,0.3022033661489375,0.3561911413331136,0.4177922675936593,0.3639099985620835,0.4882581640685665,0.2852855167625968
2017-02-28,0.5374263412450953,0.5341583953543924,0.5207755494878932,0.4816169140410585,0.4912565357158202,0.4136620378521947,0.6337834640707949,0.6113643997524454,0.6027681215956993,0.2967424163428835,0.0626913279052561,0.4886251373383705,0.2549389601281405,0.5034639848110477,0.4640833098314326,0.5700149188809965,0.6597668252254355,0.4726703027631093,0.431000800664135,0.2152295481885036,0.6912540954967731,0.6186677768721154,0.4699372134673408,0.2934922554292465,0.5493129609926135,0.4816771257060478,0.6289949591327688,0.5515679071621011,0.5387751149017325,0.3105862741972972,0.3245361604229272,0.5633061566428719,0.3022033661489375,0.3561911413331136,0.4177922675936593,0.3639099985620835,0.4882581640685665,0.2852855167625968
2017-03-31,0.5374263412450953,0.5341583953543924,0.5207755494878932,0.4816169140410585,0.4912565357158202,0.4136620378521947,0.6337834640707949,0.6113643997524454,0.6027681215956993,0.2967424163428835,0.0626913279052561,0.4886251373383705,0.2549389601281405,0.5034639848110477,0.4640833098314326,0.5700149188809965,0.6597668252254355,0.4726703027631093,0.431000800664135,0.2152295481885036,0.6912540954967731,0.6186677768721154,0.4699372134673408,0.2934922554292465,0.5493129609926135,0.4816771257060478,0.6289949591327688,0.5515679071621011,0.5387751149017325,0.3105862741972972,0.3245361604229272,0.5633061566428719,0.3022033661489375,0.3561911413331136,0.4177922675936593,0.3639099985620835,0.4882581640685665,0.2852855167625968
2017-04-30,0.5374263412450953,0.5341583953543924,0.5207755494878932,0.4816169140410585,0.4912565357158202,0.4136620378521947,0.6337834640707949,0.6113643997524454,0.6027681215956993,0.2967424163428835,0.0626913279052561,0.4886251373383705,0.2549389601281405,0.5034639848110477,0.4640833098314326,0.5700149188809965,0.6597668252254355,0.4726703027631093,0.431000800664135,0.2152295481885036,0.6912540954967731,0.6186677768721154,0.4699372134673408,0.2934922554292465,0.5493129609926135,0.4816771257060478,0.6289949591327688,0.5515679071621011,0.5387751149017325,0.3105862741972972,0.3245361604229272,0.5633061566428719,0.3022033661489375,0.3561911413331136,0.4177922675936593,0.3639099985620835,0.4882581640685665,0.2852855167625968
2017-05-31,0.5374263412450953,0.5341583953543924,0.5207755494878932,0.4816169140410585,0.4912565357158202,0.4136620378521947,0.6337834640707949,0.6113643997524454,0.6027681215956993,0.2967424163428835,0.0626913279052561,0.4886251373383705,0.2549389601281405,0.5034639848110477,0.4640833098314326,0.5700149188809965,0.6597668252254355,0.4726703027631093,0.431000800664135,0.2152295481885036,0.6912540954967731,0.6186677768721154,0.4699372134673408,0.2934922554292465,0.5493129609926135,0.4816771257060478,0.6289949591327688,0.5515679071621011,0.5387751149017325,0.3105862741972972,0.3245361604229272,0.5633061566428719,0.3022033661489375,0.3561911413331136,0.4177922675936593,0.3639099985620835,0.4882581640685665,0.2852855167625968
2017-06-30,0.5374263412450953,0.5341583953543924,0.5207755494878932,0.4816169140410585,0.4912565357158202,0.4136620378521947,0.6337834640707949,0.6113643997524454,0.6027681215956993,0.2967424163428835,0.0626913279052561,0.4886251373383705,0.2549389601281405,0.5034639848110477,0.4640833098314326,0.5700149188809965,0.6597668252254355,0.4726703027631093,0.431000800664135,0.2152295481885036,0.6912540954967731,0.6186677768721154,0.4699372134673408,0.2934922554292465,0.5493129609926135,0.4816771257060478,0.6289949591327688,0.5515679071621011,0.5387751149017325,0.3105862741972972,0.3245361604229272,0.5633061566428719,0.3022033661489375,0.3561911413331136,0.4177922675936593,0.3639099985620835,0.4882581640685665,0.2852855167625968
2017-07-31,0.5374263412450953,0.5341583953543924,0.5207755494878932,0.4816169140410585,0.4912565357158202,0.4136620378521947,0.6337834640707949,0.6113643997524454,0.6027681215956993,0.2967424163428835,0.0626913279052561,0.4886251373383705,0.2549389601281405,0.5034639848110477,0.4640833098314326,0.5700149188809965,0.6597668252254355,0.4726703027631093,0.431000800664135,0.2152295481885036,0.6912540954967731,0.6186677768721154,0.4699372134673408,0.2934922554292465,0.5493129609926135,0.4816771257060478,0.6289949591327688,0.5515679071621011,0.5387751149017325,0.3105862741972972,0.3245361604229272,0.5633061566428719,0.3022033661489375,0.3561911413331136,0.4177922675936593,0.3639099985620835,0.4882581640685665,0.2852855167625968
2017-08-31,0.5003792432866799,0.5341583953543924,0.5207755494878932,0.4816169140410585,0.4912565357158202,0.4007694908126154,0.6337834640707949,0.6113643997524454,0.6027681215956993,0.2967424163428835,0.0626913279052561,0.4886251373383705,0.2549389601281405,0.5034639848110477,0.4640833098314326,0.5700149188809965,0.6597668252254355,0.4726703027631093,0.431000800664135,0.2152295481885036,0.6912540954967731,0.6186677768721154,0.4699372134673408,0.2934922554292465,0.5493129609926135,0.4816771257060478,0.6289949591327688,0.5515679071621011,0.5387751149017325,0.3105862741972972,0.3245361604229272,0.5633061566428719,0.3022033661489375,0.3561911413331136,0.4177922675936593,0.3639099985620835,0.4882581640685665,0.2570988491715023
2017-09-30,0.4645272130043425,0.5341583953543924,0.5207755494878932,0.4816169140410585,0.4912565357158202,0.3882928323872161,0.6337834640707949,0.6113643997524454,0.6027681215956993,0.2967424163428835,0.0626913279052561,0.4886251373383705,0.2549389601281405,0.5034639848110477,0.4640833098314326,0.5700149188809965,0.6597668252254355,0.4726703027631093,0.431000800664135,0.2152295481885036,0.6912540954967731,0.6186677768721154,0.4699372134673408,0.2934922554292465,0.5493129609926135,0.4816771257060478,0.6289949591327688,0.5515679071621011,0.5387751149017325,0.3105862741972972,0.3245361604229272,0.5633061566428719,0.3022033661489375,0.3561911413331136,0.4177922675936593,0.3639099985620835,0.4882581640685665,0.2298214289220561
2017-10-31,0.4274801150459271,0.5341583953543924,0.5207755494878932,0.4816169140410585,0.4912565357158202,0.3754002853476369,0.6337834640707949,0.6113643997524454,0.6027681215956993,0.2967424163428835,0.0626913279052561,0.4886251373383705,0.2549389601281405,0.5034639848110477,0.4640833098314326,0.5700149188809965,0.6597668252254355,0.4726703027631093,0.431000800664135,0.2152295481885036,0.6912540954967731,0.6186677768721154,0.4699372134673408,0.2934922554292465,0.5493129609926135,0.4816771257060478,0.6289949591327688,0.5515679071621011,0.5387751149017325,0.3105862741972972,0.3245361604229272,0.5633061566428719,0.3022033661489375,0.3561911413331136,0.4177922675936593,0.3639099985620835,0.4882581640685665,0.2016347613309616
2017-11-30,0.3916280847635897,0.5341583953543924,0.5207755494878932,0.4816169140410585,0.4912565357158202,0.3629236269222376,0.6337834640707949,0.6113643997524454,0.6027681215956993,0.2967424163428835,0.0626913279052561,0.4886251373383705,0.2549389601281405,0.5034639848110477,0.4640833098314326,0.5700149188809965,0.6597668252254355,0.4726703027631093,0.431000800664135,0.2152295481885036,0.6912540954967731,0.6186677768721154,0.4699372134673408,0.2934922554292465,0.5493129609926135,0.4816771257060478,0.6289949591327688,0.5515679071621011,0.5387751149017325,0.3105862741972972,0.3245361604229272,0.5633061566428719,0.3022033661489375,0.3561911413331136,0.4177922675936593,0.3639099985620835,0.4882581640685665,0.1743573410815153
2017-12-31,0.3545809868051744,0.5341583953543924,0.5207755494878932,0.4816169140410585,0.4912565357158202,0.3500310798826583,0.6337834640707949,0.6113643997524454,0.6027681215956993,0.2967424163428835,0.0626913279052561,0.4886251373383705,0.2549389601281405,0.5034639848110477,0.4640833098314326,0.5700149188809965,0.6597668252254355,0.4726703027631093,0.431000800664135,0.2152295481885036,0.6912540954967731,0.6186677768721154,0.4699372134673408,0.2934922554292465,0.5493129609926135,0.4816771257060478,0.6289949591327688,0.5515679071621011,0.5387751149017325,0.3105862741972972,0.3245361604229272,0.5633061566428719,0.3022033661489375,0.3561911413331136,0.4177922675936593,0.3639099985620835,0.4882581640685665,0.1461706734904209
2018-01-31,0.317533888846759,0.5341583953543924,0.5207755494878932,0.4816169140410585,0.4912565357158202,0.3371385328430791,0.6337834640707949,0.6113643997524454,0.6027681215956993,0.2967424163428835,0.0626913279052561,0.4886251373383705,0.2549389601281405,0.5034639848110477,0.4640833098314326,0.5700149188809965,0.6597668252254355,0.4726703027631093,0.431000800664135,0.2152295481885036,0.6912540954967731,0.6186677768721154,0.4699372134673408,0.2934922554292465,0.5493129609926135,0.4816771257060478,0.6289949591327688,0.5515679071621011,0.5387751149017325,0.3105862741972972,0.3245361604229272,0.5633061566428719,0.3022033661489375,0.3561911413331136,0.4177922675936593,0.3639099985620835,0.4882581640685665,0.1179840058993264
2018-02-28,0.2840719939165775,0.5341583953543924,0.5207755494878932,0.4816169140410585,0.4912565357158202,0.3254936516460397,0.6337834640707949,0.6113643997524454,0.6027681215956993,0.2967424163428835,0.0626913279052561,0.4886251373383705,0.2549389601281405,0.5034639848110477,0.4640833098314326,0.5700149188809965,0.6597668252254355,0.4726703027631093,0.431000800664135,0.2152295481885036,0.6912540954967731,0.6186677768721154,0.4699372134673408,0.2934922554292465,0.5493129609926135,0.4816771257060478,0.6289949591327688,0.5515679071621011,0.5387751149017325,0.3105862741972972,0.3245361604229272,0.5633061566428719,0.3022033661489375,0.3561911413331136,0.4177922675936593,0.3639099985620835,0.4882581640685665,0.0925250803331766
2018-03-31,0.2470248959581621,0.5341583953543924,0.5207755494878932,0.4816169140410585,0.4912565357158202,0.3126011046064605,0.6337834640707949,0.6113643997524454,0.6027681215956993,0.2967424163428835,0.0626913279052561,0.4886251373383705,0.2549389601281405,0.5034639848110477,0.4640833098314326,0.5700149188809965,0.6597668252254355,0.4726703027631093,0.431000800664135,0.2152295481885036,0.6912540954967731,0.6186677768721154,0.4699372134673408,0.2934922554292465,0.5493129609926135,0.4816771257060478,0.6289949591327688,0.5515679071621011,0.5387751149017325,0.3105862741972972,0.3245361604229272,0.5633061566428719,0.3022033661489375,0.3561911413331136,0.4177922675936593,0.3639099985620835,0.4882581640685665,0.0643384127420822
2018-04-30,0.5779966377468196,0.5341583953543924,0.7905716879404827,0.4862283295764167,0.4912565357158202,0.4388552805814242,0.6337834640707949,0.5855572618349105,0.5739746548814865,0.3403244112823452,0.0626913279052561,0.4886251373383705,0.2549389601281405,0.7145576241775666,0.3895431562127375,0.5324526621885054,0.5958375972011726,0.4499751478275536,0.431000800664135,0.3447792339986278,0.6560464673307183,0.6186677768721154,0.4699372134673408,0.3171387384221611,0.5493129609926135,0.4816771257060478,0.4961670355468802,0.5299680269513648,0.5592704423617687,0.5003619764747723,0.2941851375589562,0.5616201294100752,0.3022033661489375,0.412851697257253,0.4007340077133508,0.3639099985620835,0.4882581640685665,0.265632816232127
2018-05-31,0.4995506466604483,0.5724953960487879,0.6154817305208209,0.4909934589629536,0.6670957342291928,0.3917630157326156,0.7135636937032457,0.5588898859867912,0.5442214059434667,0.3853591393864556,0.6719469657948378,0.4886251373383705,0.2549389601281405,0.7107500805617301,0.3125183308067525,0.4936383302729313,0.5297773949094342,0.4265234877274794,0.3447002977685403,0.4786472426690895,0.6196652515591283,0.6186677768721154,0.429087453494078,0.3415734375148396,0.5857380403504759,0.4416414865948512,0.3589115145081287,0.5076481507336039,0.5804489474038063,0.69646353549483,0.2628224139328529,0.5598779012695188,0.3022033661489375,0.4714009383788639,0.3831071391703654,0.3639099985620835,0.4882581640685665,0.1970107107605939
2018-06-30,0.4929647910642435,0.5362102854612769,0.4739773653200452,0.4956048744983118,0.6475056087832167,0.4060271384415118,0.6398818577873818,0.5330827480692564,0.515427939229254,0.4289411343259174,0.7275845387498403,0.4886251373383705,0.2549389601281405,0.5431431775832654,0.4738503896904945,0.4560760735804402,0.4658481668851713,0.4038283327919237,0.3616230189906029,0.6078249254706632,0.5844576233930735,0.5992066069774924,0.4415194513483263,0.412439989080901,0.5718767129307434,0.5309173077211016,0.2260835909222402,0.4860482705228676,0.2465314236586736,0.6724001160499405,0.2324713910688819,0.5581918740367221,0.3022033661489375,0.2896274399368085,0.366048879290057,0.4455513865062126,0.4769358569838454,0.2785784982218504
2018-07-31,0.4861594069481654,0.4987156711875156,0.422761110671959,0.5003700038848486,0.6272624791557082,0.3268939506369385,0.5637439606743225,0.506415372221137,0.4856746902912341,0.4739758624300278,0.6624307233486675,0.4886251373383705,0.2549389601281405,0.4949759403972112,0.3846246901057478,0.4172617416648661,0.399787964593433,0.3862761678813484,0.3791098309200675,0.5743107052601214,0.4352396015099349,0.5790967314197152,0.4543658491310495,0.3938613101963588,0.5575533412636863,0.5313054851852098,0.3926670985081876,0.4637283943051067,0.3391063153424598,0.5965908288248124,0.2011086674427785,0.5564496458961655,0.3022033661489375,0.2841414691947723,0.3484220107470716,0.4139833315021992,0.465236139662967,0.2298856758218103
2018-08-31,0.5094802110021251,0.4612210569137543,0.3545469872936375,0.4870102449906882,0.6070193495281996,0.31648059054216,0.4876060635612632,0.4797479963730176,0.4704602093868109,0.4548997224585409,0.5972769079474946,0.4515963035370175,0.2603852033404213,0.4520888617972176,0.3814190479743037,0.4009794496888905,0.4068978193232428,0.3311437444354878,0.3965966428495322,0.5407964850495796,0.3993995011984074,0.5589868558619381,0.4672122469137728,0.3752826313118166,0.5432299695966293,0.5316936626493182,0.3455352689307936,0.4630184841709365,0.3321985586701966,0.5207815415996842,0.1697459438166752,0.5218271121464595,0.2931867197235723,0.2786554984527362,0.3307951422040862,0.3824152764981858,0.4535364223420886,0.2205614359028832
2018-09-30,0.5320487310543442,0.4249359463262434,0.2885333195081652,0.4740814460608555,0.5874292240822235,0.3064031452891485,0.4139242276453994,0.4539408584554827,0.455736518188982,0.436438941840973,0.5342248285270047,0.4157619482453856,0.2656557612877898,0.410585237345611,0.3783168136535513,0.3852223929379463,0.4137783239004782,0.2777897862620743,0.4135193640715948,0.5083633687167971,0.3647155331549936,0.5395256859673151,0.4796442447680211,0.3573032646493564,0.5293686421768966,0.5320693182597456,0.2999238209526705,0.4623314743636751,0.3255136328583291,0.4474177152527859,0.1393949209527042,0.4883214343241634,0.2844609328603156,0.2733464945088302,0.3137368823237778,0.3518655458491405,0.4422141152573675,0.2115379779168248
2018-10-31,0.5553695351083039,0.3874413320524822,0.2203191961298437,0.4607216871666951,0.5671860944547149,0.2959897851943699,0.3377863305323401,0.4272734826073634,0.4405220372845588,0.417362801869486,0.4690710131258318,0.3787331144440327,0.2711020045000706,0.3676981587456174,0.3751111715221072,0.3689401009619707,0.4208881786302881,0.2226573628162136,0.4310061760010595,0.4748491485062552,0.3288754328434661,0.5194158104095379,0.4924906425507444,0.3387245857648142,0.5150452705098396,0.5324574957238538,0.2527919913752766,0.4616215642295049,0.318605876186066,0.3716084280276577,0.1080321973266008,0.4536989005744575,0.2754442864349504,0.2678605237667941,0.2961100137807924,0.3202974908451271,0.430514397936489,0.2022137379978978
2018-11-30,0.577938055160523,0.3511562214649713,0.1543055283443713,0.4477928882368625,0.547595969008739,0.2859123399413585,0.2641044946164763,0.4014663446898285,0.4257983460867299,0.3989020212519181,0.406018933705342,0.3428987591524008,0.2763725624474392,0.3261945342940108,0.3720089372013548,0.3531830442110265,0.4277686832075234,0.1693034046428001,0.4479288972231221,0.4424160321734727,0.2941914648000524,0.4999546405149149,0.5049226404049927,0.320745219102354,0.501183943090107,0.5328331513342812,0.2071805433971534,0.4609345544222434,0.3119209503741985,0.2982446016807595,0.0776811744626298,0.4201932227521613,0.2667184995716938,0.2625515198228881,0.279051753900484,0.2897477601960819,0.419192090851768,0.1931902800118394
2018-12-31,0.6012588592144827,0.31366160719121,0.0860914049660499,0.4344331293427021,0.5273528393812303,0.27549897984658,0.1879665975034171,0.3747989688417092,0.4105838651823067,0.3798258812804312,0.3408651183041691,0.3058699253510479,0.28181880565972,0.2833074556940172,0.3688032950699108,0.3369007522350509,0.4348785379373333,0.1141709811969395,0.4654157091525868,0.4089018119629309,0.2583513644885249,0.4798447649571378,0.5177690381877159,0.3021665402178118,0.48686057142305,0.5332213287983895,0.1600487138197595,0.4602246442880733,0.3050131937019354,0.2224353144556313,0.0463184508365265,0.3855706890024554,0.2577018531463286,0.257065549080852,0.2614248853574986,0.2581797051920685,0.4074923735308896,0.1838660400929124
2019-01-31,0.4494095121898823,0.2709094537824727,0.3788369509658025,0.4712308926911907,0.2349799358366041,0.321378115829689,0.3345407271006258,0.5022446801360464,0.5138261816028725,0.4014355611298806,0.2405182562471289,0.3882640952587004,0.3177438366502724,0.2856482422831603,0.4440425784154942,0.4703059457123074,0.4491079564085315,0.3402824976316863,0.3272190593755964,0.2466766923357872,0.3689788151520465,0.2126825575533053,0.487789389495683,0.2342286321435435,0.2506072882894546,0.3080233811791427,0.4203367043687616,0.4629556317527541,0.3834881045121024,0.1843108729827885,0.2723628683044728,0.4477373129331629,0.1919328985507423,0.2878959494806299,0.3523291595129448,0.3244130704598491,0.1466618937847733,0.1205113016269865
2019-02-28,0.3130268008183651,0.3419777268142133,0.3603636354002353,0.3853975698260281,0.3190459042408928,0.2349373606051263,0.3105263441897447,0.4283470614208172,0.3861320251951891,0.3833382151902741,0.1903125337164679,0.5170474854095999,0.3054467049773189,0.2176568974383983,0.2926680345959762,0.4677220895134065,0.4216981058749645,0.3130999174755755,0.3001395750133085,0.1985084665471254,0.4054746428649375,0.1965661479251657,0.2630874301087812,0.2273807930618802,0.3652305428553309,0.2587440031568457,0.310364401722067,0.349568283779186,0.3698656984816175,0.0707281200857206,0.2470449334743151,0.3458327513390924,0.3408507646602617,0.200146868902575,0.2150152330939617,0.1834212025919136,0.2543206028104783,0.0847695578499905
2019-03-31,0.1517202926160648,0.3958149344136825,0.3467005025370283,0.4130837419497496,0.2566539153177458,0.2037898168270331,0.4292665665768294,0.4505140271829164,0.4459536863887016,0.3180811261775322,0.2259838865371794,0.5176891776764038,0.3461259384001093,0.3415441616557537,0.3472102760153879,0.4240655710482896,0.3549866975717422,0.2229035401684042,0.2006036248003594,0.2550741817596358,0.3686692843093888,0.2506944376007268,0.2205308487193178,0.2299129693190693,0.2518868141779134,0.2878889695996062,0.3490486167653773,0.3734032244750777,0.3571772921300393,0.1114000908453163,0.2196500169497517,0.4802095897900314,0.3028884856661232,0.3164528405342852,0.3325652682900128,0.1757977246020612,0.3087214071464995,0.0858631278628475
2019-04-30,0.2614336739718683,0.4095732490294603,0.3069989048082501,0.2663947390142984,0.3608949109647518,0.2268659911256304,0.4303550414491316,0.3056604357064279,0.4098954238356092,0.2879660960354395,0.4812691340685805,0.1814516308034421,0.2769828882634649,0.3764103259793729,0.2424455863848975,0.3258364017133282,0.2150572095288686,0.4037540819850814,0.2409586383516666,0.2760965992315474,0.3090698354029817,0.4143009007164534,0.2433636712519954,0.1968750844824412,0.3710783824263811,0.2928871808489647,0.3969795912482176,0.2784975205518464,0.3291126489942608,0.1155825203724111,0.1854493019502894,0.3950148618584674,0.082874439830703,0.2555506232404886,0.2197494249173953,0.1993981611448648,0.3786553875781025,0.0963737157429519
2019-05-31,0.3698460339631032,0.218216965127159,0.3721134938938135,0.5306597882297093,0.4856589452029469,0.3056904206912621,0.3899330843333198,0.4183337320768756,0.4525069740988913,0.4105075416258475,0.3488889413016978,0.6025097571093783,0.5900217900222029,0.4028095663257171,0.3499548082898324,0.5378925113390369,0.6362312928748571,0.5572693170715249,0.3653606786854437,0.3850322059092013,0.5516846989135245,0.4519590385819801,0.3405272235032099,0.2555553817322557,0.5645287304331073,0.3851823240529899,0.3041097856331429,0.4900433799335116,0.2647626762603751,0.2182291749335765,0.2772325304180051,0.4127972619069742,0.3175678701879357,0.2443551810932131,0.2634862751727653,0.2740409106321482,0.4374346204031233,0.2289616403086657
2019-06-30,0.3373527681991207,0.3994005337274877,0.3193110634840452,0.4708257994310157,0.6711900277522374,0.3041033855118191,0.6172650437231945,0.5184338896695927,0.5557472327697287,0.358876278304908,0.5732354374835964,0.5810903228317343,0.5290991884420558,0.5446011540455621,0.4536241292067011,0.5283117529651535,0.5326131475908974,0.514477340930071,0.3280642199043084,0.5173267970250485,0.5366956386140308,0.5747969249444426,0.3129930383870057,0.3563899663486953,0.6476026262356287,0.3142808546035828,0.2459722167324254,0.4209923731549208,0.2337427172166724,0.5727642712839169,0.1654845429525467,0.4857847704007706,0.4758919655954882,0.4007491118606155,0.3342000913317275,0.3806571247927003,0.4862587245710378,0.2111631505179443
2019-07-31,0.3086875986575766,0.151970782285023,0.3214063576620137,0.4221222015778928,0.393694966561994,0.2609805762211621,0.2211524425824293,0.3768415424251956,0.4355350975752287,0.3235399875867058,0.141538996092008,0.4683964491882446,0.4661074831531815,0.370147783469669,0.3019208294232534,0.4764228361212584,0.4405907045749017,0.5521319874040211,0.2796981817300386,0.3921709821528849,0.4903611333256277,0.4029104205395918,0.232913827582283,0.3266115315711549,0.4475942808215575,0.3069936879856842,0.22724475755099,0.38114052813643,0.2007569034634295,0.3232781393618146,0.2773548813906181,0.367124730793853,0.3755484048989446,0.2224265109293987,0.2288756560635229,0.3466750911024055,0.4915585525767101,0.2031650764997812
2019-08-31,0.3027036567878549,0.1356792510748052,0.3368927104344205,0.3540943475227264,0.4826229116607773,0.2508165539893248,0.2684998083557031,0.4144539421511485,0.4494547077394732,0.2968229545441582,0.2571373491884,0.3692169396206423,0.4116216573134056,0.3150128001335456,0.3181948932408319,0.407806449201123,0.4096750437145966,0.3202659660553936,0.2984030634494296,0.4103081916804507,0.3370144323037181,0.4717325275146419,0.2813944033923042,0.3640771267318929,0.4698119197173234,0.2903386620556407,0.2212012181247805,0.3027637351499978,0.2660823017093981,0.3624754898577965,0.2398632276865912,0.3785869233286319,0.3028350639345484,0.2360269829185621,0.3150873909035611,0.34523050679287,0.4524149360688417,0.1912952830981443
2019-09-30,0.2180763374435298,0.1870481103616716,0.2989662216211526,0.2676010321176106,0.4615776189764586,0.226940217713457,0.3093427561217198,0.3650240437052642,0.4170781395297238,0.2437201284081623,0.2249723236926599,0.372704870956084,0.4422907404606579,0.2512316897436989,0.2977588837349684,0.4239254183163199,0.4177189955055716,0.3452332825951988,0.2703058475093542,0.3014928892572448,0.3378452610368994,0.4158602572017891,0.221308725213702,0.3267654579797205,0.4249375974891066,0.2499231889337986,0.2651767540497501,0.2630040960187521,0.2341901530411214,0.3101497601561939,0.2274159956871389,0.3235795929546727,0.3453410093579681,0.227532846189454,0.3275743087873046,0.3398580806492137,0.4085215757154777,0.1824570408148994
2019-10-31,0.2930400029532922,0.4129167491284492,0.3312072261439131,0.2477132109341394,0.4646303571882662,0.2037533051693014,0.4583955408153376,0.3764049086813243,0.4196128687267459,0.2134615860998356,0.4775656732987703,0.3697044777460378,0.3703060763084076,0.4150979907682678,0.3486834268823301,0.3735415725737676,0.3486357965366943,0.2629300628901159,0.2576887656034498,0.3928539318339096,0.310914522792301,0.4530877451915038,0.241851913043597,0.298627354940901,0.4299034414432964,0.2698043377675518,0.3073672231243073,0.2366387854611563,0.2708595306985276,0.3828636130742924,0.2202608049752304,0.3323198366712949,0.3035737861055715,0.3072674754570678,0.2993904527392148,0.3354938608284686,0.4150568988166624,0.1846758315096859
2019-11-30,0.15116770368806,0.2680876626619589,0.2813207480165144,0.2684752703104396,0.3377585679900308,0.1500263835319352,0.372306553271872,0.3217139828514496,0.3846702172308459,0.2011706268222701,0.3987028436063287,0.2561856043460331,0.269095355596234,0.3150971754396001,0.2885771838610889,0.3041441678296111,0.3142907359336305,0.2406261703056541,0.1439320106324876,0.3275046143336174,0.2866470466653658,0.3304270685697099,0.1861646757432578,0.2388939603686777,0.3060442451200827,0.1573942903489814,0.3004195641334337,0.2297085497687644,0.2826901427550335,0.2386439325484909,0.2363364602819461,0.3305077015232084,0.1592780773928354,0.2677248001697914,0.287177025036304,0.3312039406058645,0.3976374459991053,0.122947933951735
2019-12-31,0.1337412589314681,0.2972327050486869,0.2701084575784526,0.2951901292798347,0.3904662655783574,0.1156806431729745,0.3796694302850925,0.2465315686886851,0.3584370350164961,0.1901984395898441,0.4348328137647155,0.3384672861805737,0.3393443773832771,0.3148935482869599,0.2461487238421405,0.2631833133176651,0.3173728173693636,0.2482384015997249,0.1350727711441751,0.2837598264834811,0.3215322196882487,0.3310581077186137,0.1040821371110197,0.1944687218432489,0.2775313272646832,0.1549783645763929,0.3086790986346587,0.2393558691709482,0.3105701708257181,0.2194767183528091,0.2836083076819289,0.368412598201887,0.2563201314346391,0.3108022821010038,0.2313588076332352,0.276673795430708,0.3369423840138079,0.0742749652623242
2020-01-31,0.6028107337819767,0.3781972053552335,0.3688717704622254,0.3057974594336423,0.3033438484436465,0.208242007115889,0.3789308538082583,0.2747615132276789,0.4084670883755579,0.2435371629406922,0.3999676579877706,0.4331726172695968,0.3931151903397565,0.3997454596793763,0.2974828832277651,0.2896240172802657,0.4106891278578463,0.2541883730105995,0.3932069009072084,0.3460768413102925,0.3625294765996373,0.3746335645642396,0.629374844468838,0.1924175456173915,0.3607330711200824,0.3191417811495362,0.251140569964432,0.2310478908952504,0.3384080125475617,0.2314396374870111,0.2485460378668194,0.3789917849723669,0.3386652244018973,0.3159509960697997,0.1845851057174477,0.3240814801022767,0.3606830867658859,0.104887229484283
2020-02-29,0.4208930553991362,0.4344221482603746,0.4560654084151867,0.3367149328704424,0.4121052094982592,0.2863936625572327,0.4610001077664877,0.2785081156537062,0.3703868135161486,0.4327779408718002,0.3265490828642243,0.3441418251782026,0.248114853059367,0.3354460953250336,0.2856862734223434,0.3081186371862409,0.2726449135362469,0.3478534900253547,0.2676525536054703,0.2576882369883437,0.3197652211323634,0.2235036810488533,0.4116641171566342,0.1653440656984351,0.3719535649014611,0.2216789296531881,0.4315515757933179,0.3059313391054766,0.4667581046073236,0.0814603056020941,0.4380644308729844,0.3849278328820364,0.26852786272203,0.2902585785349046,0.1724205959134669,0.1777014594977425,0.2137357823450238,0.1160167038567949
2020-03-31,0.3788711941378899,0.4034892254770332,0.3861788721145985,0.3431448581241589,0.3723540212286634,0.3161927257587823,0.4427355382507734,0.3350378232065972,0.3940969307553776,0.3749344441636416,0.4055016952808017,0.4064541569727329,0.3912459495305634,0.3020272697378243,0.2757362272647405,0.3211377990896483,0.3244814804161106,0.5855347180677903,0.3266682250015171,0.3166520495993746,0.4737922903205545,0.2992789537558131,0.3951961832415864,0.2450427854308479,0.4465469673203162,0.2945549071713347,0.544906809085615,0.4035941306269014,0.467965301660517,0.1353995315880733,0.3534504264783035,0.3891070355194908,0.2596409120149618,0.2057500772273042,0.2213919661841686,0.2529757942912706,0.3444340279489347,0.1414148912906572
2020-04-30,0.3340716085089258,0.4329722675307199,0.4389479478517678,0.3522880564370062,0.4857878443366166,0.2162811902857537,0.4493626625485383,0.4308827866314255,0.4157355486559099,0.2710936158553895,0.4730904313318502,0.3972411017144197,0.3607547029193649,0.4314972497192078,0.3146797556999966,0.4184253069104397,0.3998216388050571,0.4533226742833866,0.3370145313606968,0.2615868173056836,0.392748110816879,0.3243410087751358,0.3447079724047706,0.2520034467402624,0.4882115718615439,0.3572404248656719,0.4652606774393722,0.254558822928123,0.4682894588626774,0.1629603562798366,0.3403467601822111,0.3991648761453642,0.3085121964408349,0.2526330956105903,0.2599998000046652,0.2263780576922262,0.1795107481310736,0.0815371659791628
2020-05-31,0.3982170372223552,0.3642032700417587,0.543029802390966,0.3787758570649676,0.5053455957620551,0.3638334472868613,0.4278456715487829,0.3893267469286048,0.5308585295008201,0.3257719503880412,0.4555110116026227,0.5299571543357142,0.5756934737764318,0.5061040817552148,0.4092181899994823,0.497097324549224,0.5443177553886198,0.6385040944412738,0.2862554097255641,0.3681378206219592,0.5193033975541017,0.414014468738359,0.3095862992370826,0.3020199680706379,0.5044541913494056,0.3317960166385287,0.5129228132489891,0.360506209187003,0.5200313630909773,0.3967758733716335,0.4100601315060064,0.5296559024677945,0.4069317299566224,0.3447988223311334,0.3260714622118718,0.3725829720774306,0.4271709513630023,0.1942203425319401
2020-06-30,0.3909639289306346,0.1967098861784721,0.5075579559944526,0.4670904688485253,0.3983740904977075,0.3183995747726239,0.368891494880563,0.5037468825645964,0.5642628334682277,0.3953179569482569,0.203406622797002,0.4847614476036229,0.4300615726050431,0.4177790816093916,0.4422426849221336,0.5793301639305435,0.4580024170787957,0.5137750966734229,0.3083490948965981,0.5155581772504189,0.4068288562843032,0.541142542727396,0.3391801000046535,0.3443590712655817,0.505148204785936,0.326724676117569,0.4249204805568678,0.435461000225285,0.3497758159829033,0.4305111807698356,0.3839298771615044,0.5072519779341035,0.352454405361099,0.3476875492033066,0.262710143983216,0.3385835235105072,0.4887082331272573,0.232013453329933
2020-07-31,0.3551863283407138,0.2093993211187278,0.3430519370084031,0.4014182876640509,0.4451813759570596,0.3423013167445183,0.2222491716876047,0.4126197519995667,0.4563706877330077,0.4300616761981976,0.219724139404973,0.5158509919320651,0.3305083428396693,0.3931618493610668,0.3852108108849883,0.4149376088173279,0.4374912516195678,0.3044370231766223,0.3456367694569013,0.3795925327062316,0.4087629261826876,0.4502396966811364,0.3317588842156041,0.2861828305472511,0.4418823328609635,0.2962474217380325,0.1366765081865824,0.4392957529091297,0.2193846452511384,0.2867825800909938,0.1997618560464312,0.4252254550013525,0.3706457180426956,0.2438286665517771,0.2799176628344899,0.3354315446014617,0.3469452967931573,0.1845918699795402
2020-08-31,0.3239339800775747,0.1936629044158269,0.3263536690770514,0.3774424928853447,0.4169441292764348,0.2526208498257118,0.3033800910520755,0.4099483619247833,0.3937834149771942,0.3367786430640472,0.2111692724002865,0.3381476182404396,0.3389340267854427,0.2831731958029987,0.2753256134453966,0.4174408381211938,0.4031345566902706,0.2362829394065839,0.2651239527738429,0.3425026559821821,0.2639690555115486,0.4208681944237415,0.2279274517717842,0.3366539498769927,0.4037768013396842,0.2669204023556176,0.1628428048647024,0.3650811387742132,0.2341863494052438,0.2546076033960671,0.310849082472676,0.3621768210511198,0.2816307998399511,0.179251325561484,0.2871956329045745,0.3198035883293247,0.3773486436727424,0.1960701092460805
2020-09-30,0.3673628863324035,0.1328075937468747,0.3023857644660708,0.3469825834819424,0.346142667942879,0.2084826264720124,0.255284115606791,0.3628356764395229,0.4477805009785428,0.2416680384537986,0.1841914238250565,0.4065416310849261,0.4830782353772099,0.2796214218988441,0.2424031193350129,0.4463147562981979,0.5095333858670167,0.3140744395328403,0.2565065516180231,0.3246877662912432,0.3690190023571828,0.3876206780764298,0.2674543202285956,0.3365073127432822,0.3483761021972657,0.2789238940196226,0.2895219350156077,0.3036726615872812,0.2659835100842234,0.2126949324083969,0.1960758361369562,0.3998717190034282,0.3594900746897865,0.2008310963642807,0.2870959540479037,0.3351522045388658,0.4318835369069677,0.2022076941339648
2020-10-31,0.3087972053674691,0.3021140526598559,0.1718235695684258,0.2630118774074992,0.3628640920884672,0.1658225437375742,0.3901399101905209,0.2257548013932239,0.2460135622750797,0.1759042722457448,0.3163936623882897,0.2660443321872434,0.2878853481325492,0.2173095164062769,0.2236109156269379,0.2500744453061127,0.3443525740000189,0.1733300659664431,0.2074055274309543,0.3159903316066222,0.1755695019863646,0.3750626619509776,0.2085915893398763,0.211828559949637,0.3570476062848493,0.2140123154075481,0.1883656709974409,0.1801268761485556,0.1670178930457746,0.1543743988015629,0.1085040890862613,0.1759440590540091,0.2311059079058264,0.1763405186175404,0.2404232808624184,0.3033213439400237,0.4031335515558965,0.1216393856693575
2020-11-30,0.2709733402435104,0.4625767045555976,0.3431072783479362,0.3782150204573996,0.4447922384667919,0.2002091731505031,0.4092025550153765,0.3720273046317897,0.4634165452901143,0.2405347705626193,0.3924230241067215,0.4318744139545227,0.4472864348399593,0.409430007961398,0.3242797187263424,0.4684373446629664,0.4530088996274268,0.2625703558930104,0.238830359874506,0.2300515104248386,0.4332487554168008,0.261049993079735,0.2510117867097437,0.2730980450762884,0.4701384680065248,0.3459157045339334,0.3261398046263235,0.2900865057328329,0.3318417395431107,0.1934367882318267,0.1999995359060243,0.4335425454241494,0.3231970764480973,0.249721996112269,0.3158459158305994,0.1463201277060365,0.2828662731536568,0.1361705221092319
2020-12-31,0.2927878417698638,0.355101297190106,0.3094626784759929,0.5533650809717913,0.2474568116552821,0.274288909026023,0.3178852993096148,0.3341109007452464,0.4801520957488903,0.3584669871296829,0.3584680397903393,0.2838637674236453,0.4233373897987627,0.3525848720633172,0.2913056507656055,0.2659756655025729,0.5673917842409708,0.4583918140863999,0.2137048707801075,0.2030561392389012,0.4609104087649452,0.2278004578753406,0.2710712815227855,0.1475034959457558,0.3167602124421981,0.2533393232189881,0.3635075362715898,0.5403968343294053,0.4232574126139501,0.1305038173175353,0.2762034772202215,0.413240161819603,0.2583403486183395,0.2655684017564452,0.2703407780219696,0.2557046135195303,0.1839050373052661,0.0620917990059563
2021-01-31,0.3875190881906,0.3552258866358779,0.2118486593513429,0.5079434766499685,0.2637887106677838,0.3012101428969682,0.2343323607725488,0.5550167171395354,0.5570125487757194,0.3982996974285161,0.212930321419311,0.6257156328133643,0.5373939169213116,0.1673166637525724,0.4164527645550533,0.5893982597326166,0.577790587078271,0.1014940422029173,0.2755808153703213,0.2145199708903954,0.3711389256806768,0.2096011544158187,0.2987616324338306,0.2736939178532943,0.3556973342315609,0.2519513712601696,0.3120408957706433,0.3080079040122736,0.4414852135311122,0.1881581126242966,0.045862174285205,0.4036741956591004,0.4066380125931568,0.284895120058749,0.3392281747720915,0.2033336558035771,0.2828582408175321,0.1510614917937459
2021-02-28,0.3012906364576708,0.320257932824311,0.4768218267211984,0.291508591141438,0.3649171564691245,0.2633678139590186,0.3800874222266445,0.2188667836953986,0.3019451956464045,0.2809955235186319,0.298877533436497,0.1822255965016971,0.1293191065310761,0.193279837750904,0.1933911265155282,0.22259675625779,0.1635381876737026,0.2983584351859811,0.3314687653227725,0.1136162343759594,0.1590976099522867,0.1931630738717344,0.3237722719663876,0.1150446955570803,0.3773418060523759,0.3433974186785802,0.4219838441313976,0.2427398443564497,0.4351719591032151,0.0706785954175941,0.4083217673452196,0.5252031144809661,0.1577236381716296,0.092773408536569,0.0518531081994994,0.1560308552859421,0.3722353278608691,0.1082155594937964
2021-03-31,0.3076369240934463,0.3989316456008951,0.4320298997561378,0.4524230514924511,0.2807504454260267,0.2319781712765073,0.3924631343074544,0.571357125131144,0.5612568867040734,0.376233812019843,0.2967232840226652,0.5240414734090904,0.259973214180656,0.3462610092581291,0.4475878647135119,0.5033610502200713,0.4314791904387705,0.3701862061945757,0.1949692888559195,0.279219369159766,0.5153744448441826,0.2196052290015356,0.2266978601930434,0.2728528239277347,0.323467477948033,0.1874404859678232,0.3862305122102726,0.3778960995226481,0.4296896779479759,0.1362653009797163,0.3582544352068966,0.5292652568337374,0.2115786669217531,0.3014052733312925,0.4075087908525092,0.2672711700224965,0.1422464889299382,0.1018302724254353
2021-04-30,0.3410845152894638,0.3686246973322136,0.3728968916053792,0.4180337297864695,0.4613072580973669,0.2742586818246986,0.3640855475668414,0.3323190167048886,0.3443559931555686,0.3686664028907278,0.4299760224057016,0.4209715430531067,0.336196687662106,0.4008020078214073,0.2430806785724546,0.4262695227701699,0.4382906093782273,0.3536542238100058,0.3511414298650849,0.3656961303199879,0.3248652617777179,0.3652394528927617,0.3774666665389936,0.1928879751781765,0.5007064856385778,0.3718547877137612,0.3204517990389871,0.5115649716945506,0.3340824631765735,0.1625313023514933,0.3037786921663766,0.3844013169869556,0.2677928294241057,0.2342087580153901,0.1270596274169649,0.3513300525449146,0.4058732843032249,0.1199403791635926
2021-05-31,0.2249412347956501,0.2888802860150564,0.3111546244811883,0.217667954085967,0.3774571532896087,0.1892868923237164,0.4247470486809279,0.2132172902380293,0.3472489761092374,0.2530083185255962,0.3640885850494968,0.393262387975402,0.4097581515410026,0.350383217778028,0.2416410896458619,0.2431987730201477,0.3584233082198904,0.4695152817978271,0.2387988916781049,0.2786295720043595,0.3343133214341624,0.3108768315795301,0.2199490794398584,0.1525186457544574,0.3403970307310969,0.2940352089409231,0.3068609518928046,0.1933130021149387,0.2888015742128207,0.1704261957097373,0.2571864080862423,0.3888627298496522,0.3527818167060101,0.2699009769713558,0.1786345647944447,0.251661740826358,0.2699019927119445,0.0807667664641069
2021-06-30,0.2830292464874807,0.2695205717358253,0.4835721230727339,0.3543098859845006,0.3229471369640313,0.2697575252054295,0.3821315486989096,0.3743358326339617,0.4440450538470091,0.3321642800154686,0.4112608164062862,0.3858196097441298,0.3909383120063405,0.4242551036140297,0.2868224939564425,0.4408621471555823,0.3832351709387877,0.4119463921203571,0.1772759154471976,0.3871686395244013,0.3707459494398401,0.3667410815637841,0.2120850447474489,0.2814852124276877,0.3771781665967533,0.2256508744269899,0.3794335004759265,0.365655469095977,0.3564702690910529,0.2914702142410934,0.4320240529507242,0.4091084276142518,0.3333947735576011,0.3651155269502164,0.1913896159143316,0.359428138463639,0.4003755208411554,0.1333028863646827
2021-07-31,0.4563399517627871,0.222459962297584,0.4770743252560608,0.3912909645117433,0.5801859367026609,0.3570378285854957,0.4727764992968631,0.471416909724213,0.4878254260284791,0.465885077090468,0.422515489959755,0.3656513903088896,0.3928274558049204,0.4538292985857694,0.426676711443052,0.3867210535986158,0.3596143457707343,0.4417461689363949,0.4358930954193807,0.534001860827096,0.3818992804426933,0.552934298910941,0.4210509988081248,0.3265569174953994,0.5271069728770031,0.3893128417977307,0.2948439292072132,0.4513144241446535,0.2774243965073497,0.4298248333609391,0.4478877121171199,0.4652664636667153,0.2903257000926039,0.3485019798548094,0.263000806716284,0.3870538842156211,0.5228895862482854,0.218342110787535
2021-08-31,0.3412373506257505,0.1791691473442417,0.2719374432730823,0.4533272800162591,0.2703241904578364,0.288559507521658,0.2842921206229037,0.4302989493740896,0.4263562473726537,0.4054245868283795,0.1336690111353628,0.4441495051818001,0.4231232294958087,0.2417159280906093,0.312828994398157,0.4544354865124158,0.4641134403670652,0.2422564300876424,0.2326374221433498,0.3050364199811953,0.3132707691548595,0.2995806338846239,0.231748083024383,0.3092072064534032,0.3547228167227453,0.2570249490996669,0.1289387479740963,0.415201676733075,0.1274492541368471,0.1701939122384417,0.1663466032581988,0.3667473142080474,0.3129981150039529,0.114084729134626,0.3374685068902593,0.3167994945589651,0.3415466021095213,0.1793135546350048
2021-09-30,0.2826304483353601,0.1756676597750254,0.1482116306041435,0.3162464118192322,0.4001198899093542,0.2268343824482985,0.2585210309927072,0.3543917903342769,0.4228384765103921,0.2318527576327814,0.2308584406873552,0.4345411971639279,0.4577034945261077,0.2817688539390954,0.2861355707007875,0.4401410093309926,0.550916459203295,0.2748156899721449,0.2430791575655503,0.395895186431475,0.3074100219147074,0.4620126011722528,0.2242882903322863,0.3282141801151269,0.4266817101301819,0.2287651937793601,0.1417518760544105,0.2248599984424474,0.1351064595351621,0.1577690325955733,0.0750105270169192,0.3697726795061771,0.3600653682519897,0.1935230398147409,0.2969909794837095,0.355762529477314,0.4238749712947474,0.1637056631982743
2021-10-31,0.3903453633253647,0.2125348153897871,0.156647838330782,0.4427476157217991,0.401794382442068,0.1694303982821264,0.2922562702744162,0.4132331937478493,0.4134524636827078,0.2475378886305755,0.230504304770151,0.4786218372157985,0.3927037653805264,0.2475488016640913,0.2769207267047305,0.4525897290233451,0.503828660551359,0.1256971203495702,0.2264401474355476,0.3377471402705994,0.3043655027656461,0.3683127836558515,0.308099832338985,0.2626505568336136,0.409345067490098,0.2707420740771752,0.1016408154430252,0.3230063311953667,0.1689544377930886,0.1827374578330518,0.13137152038349,0.3291287562038434,0.3519931800823245,0.208573760715012,0.2877884514955008,0.3385359719198721,0.4154319717763942,0.1649005364655813
2021-11-30,0.3483554099130708,0.3706310032878959,0.2198205000705456,0.3291460592849545,0.1826770141236824,0.2090458172063538,0.2951274822473511,0.3606292980746772,0.4689514004205058,0.3846454103159432,0.1352993897883644,0.3733867389029842,0.3545613336566066,0.2417495325968333,0.321994827312328,0.3837553905822577,0.3678286092463952,0.2416874846049133,0.3537311868462277,0.2701062805234157,0.3025058874919843,0.3499918854765941,0.3629402653685947,0.2355617246139548,0.2348091826995985,0.3478897163294297,0.2519708277611954,0.312752498512783,0.2804955659500108,0.0325313458722336,0.1053278553575349,0.4658590634332994,0.2570472268942188,0.2076466933714756,0.245017907305218,0.3470767246103265,0.362779866171715,0.0691651945827034
2021-12-31,0.3610264355636925,0.4329101259077916,0.2060583311483173,0.456429035884727,0.2768395657927163,0.3480899092676148,0.265480302394949,0.4022949738537406,0.3026373850969558,0.2996300165832717,0.3374195030862925,0.1867369661592048,0.2090813508063094,0.2622619366661171,0.4177105047469669,0.294915271110849,0.2653393561081399,0.1425224555633899,0.1724341046873346,0.3847658691589,0.0907119666771818,0.3310602906913615,0.3025473062673193,0.2452059132032523,0.2975525798614283,0.2920310711496175,0.1739842457312461,0.4411189044489624,0.2097115227691446,0.088020364343021,0.0487036996442433,0.3381261139211633,0.1356148599475213,0.2658494496677881,0.3134900461763809,0.3559021690571294,0.3083726903802131,0.1604277042737336
2022-01-31,0.2527115536712598,0.3957533980941518,0.1605912282434376,0.5350335714884313,0.3295453072415223,0.2766188361757096,0.4987353641858651,0.5138111577310684,0.3593177123178597,0.3929797255536152,0.2475244992423645,0.436277049947277,0.375526653800979,0.3492203752642257,0.4288410850709523,0.3936493020173334,0.3767799316250486,0.3064647488383392,0.4134483855942926,0.4019581635564912,0.4174017460610403,0.3739399172752876,0.3761347259514457,0.2702069988351459,0.314453069085893,0.3391554541403941,0.3908215807204768,0.4801782000467193,0.2593727173928239,0.1975887085443375,0.0642681037622328,0.2696939017164925,0.2746587643132691,0.2854959614999262,0.348529367647466,0.3604394837603223,0.2409797829804641,0.1804285980485516
2022-02-28,0.4584106744597579,0.4186147398831224,0.5557907485172535,0.2474143366912839,0.3353223227622162,0.173338053960314,0.3637367723959415,0.2539784513922459,0.3123675263861734,0.2557923573246755,0.2941020409839247,0.3381680385008212,0.1861764485812412,0.4954087205999912,0.2045302619301625,0.2597046471757219,0.3126422502192907,0.4691011202428813,0.4123690673788004,0.414263005365883,0.3609531512134176,0.3218292307828088,0.3064721944601865,0.1302396643655006,0.4355117070847404,0.4638435304621602,0.4394562380963904,0.1471765853858548,0.4555074550592649,0.2492151230636514,0.4905031660326231,0.3799584854770853,0.2047492193334689,0.3795251477709349,0.1403627156229049,0.2298703324427072,0.2813101946862684,0.0833132084456579
2022-03-31,0.1951085285822146,0.2589956801242278,0.3528251869869864,0.3586207418031433,0.2039389251036102,0.2265677330390426,0.2948025985992699,0.4485704489221011,0.4487001795372882,0.3377983056757442,0.3254088283696494,0.499106285187426,0.3746419812364133,0.3576536698412208,0.3181848985546286,0.4187901651614893,0.3822128648355698,0.2673424657421412,0.1322867983724803,0.2295467599021841,0.3413389670133507,0.2364502003088,0.1595693202829551,0.256348715152614,0.2499240903619302,0.1944298328066039,0.3484975205981391,0.3982456156366404,0.2920465923435175,0.1471749720910496,0.2693754941933563,0.4434428480093652,0.3461669778896922,0.2560359074006984,0.2663298547905377,0.3185773056324199,0.1291526863590705,0.0817513314344652
2022-04-30,0.3572758203917518,0.3592296494398684,0.3506238076054181,0.4626219454216519,0.411208891169275,0.3168829165588714,0.4566566251721099,0.4499689427663209,0.483314883312764,0.3818766167994921,0.4359075486524719,0.4499523616564184,0.3613682271088728,0.3725994908413688,0.3128478660154041,0.4720023490492569,0.3008089233575356,0.4331091649998883,0.3470204221202111,0.3164986529187654,0.4489976280057021,0.3567274950832034,0.3265758868611464,0.2199174210338586,0.3839846587652025,0.3467586701092092,0.4015794579368654,0.3586373188718291,0.428298001460564,0.2287814579721065,0.1786040243289268,0.3503216628155584,0.2739281462638789,0.2687052060316687,0.3127913674847557,0.3290507995644818,0.3506290924692389,0.1002456781206843
2022-05-31,0.3540785945634904,0.3198869392775709,0.5033686322235835,0.4605348409394019,0.3267708251124684,0.3331739631596084,0.3867678723207397,0.4081103841316714,0.5077697397800355,0.3908549798273533,0.3102469497963452,0.5153570235893186,0.4848356334348415,0.3995062758353247,0.3759130310866012,0.5348109804077988,0.4946913111884947,0.4990798699488987,0.2099608767967379,0.3246848954269778,0.3917117681724588,0.2942423261088053,0.293190077669237,0.2139709331499761,0.3721058493084041,0.3263740350354832,0.4410408897543305,0.3725986313143361,0.4353332006790764,0.2325288178964481,0.4014859719301734,0.4724550411651493,0.3536040500294938,0.3310601379549304,0.2974387520234188,0.3417535740903619,0.3786335981399618,0.1259165623001341
2022-06-30,0.4304232568651607,0.3916232663107892,0.2936579256965261,0.5004592069114875,0.5070872837199826,0.3423066348271866,0.4753528450417688,0.4991552546641964,0.4820321771079905,0.4555188889023255,0.425447982758302,0.5617645187448128,0.4771408998486166,0.3215103614703704,0.4258462279477748,0.4505525022266847,0.4826050713129353,0.2965312384455879,0.4063905419752256,0.3524579643847401,0.4477012324506656,0.3762812525970734,0.4329511602654491,0.2766131558186874,0.5094003842491721,0.4573208570117151,0.2273939854073172,0.5096735718808153,0.2187735515198182,0.177841335909557,0.3473578961449911,0.4144833193517143,0.4418101461546008,0.3015057877946912,0.3483335801930795,0.256108731702552,0.3976718473573467,0.1868518568224551
2022-07-31,0.5382576462155767,0.2295145982714929,0.1879976727405831,0.5186170801254455,0.5371795050544015,0.3331096783470124,0.5058408028382056,0.4704023079276337,0.4276754698175348,0.4625631979308989,0.3697443689468362,0.534970227975114,0.4985250164219877,0.3465928570187767,0.3229932739709736,0.4825916051372132,0.5605498015299983,0.1974944640337775,0.3582707053665055,0.3788574762589407,0.356112590806559,0.5650822408242565,0.4580399511221707,0.2644545072886105,0.5107178277304122,0.3272609275320273,0.0425145477090112,0.5116141423688277,0.1061701557431667,0.2112907818461986,0.1096977896250813,0.3817020601113577,0.387805841808746,0.2078152512710864,0.2603213821009099,0.3091805964555594,0.4648778073065486,0.1640612593699191
2022-08-31,0.3479806761535162,0.1765278884887621,0.2411150537711777,0.4103974874439562,0.4384488470664097,0.2304223127952847,0.3080658603048621,0.3265252742807951,0.3433612865879079,0.3021302594812645,0.2063543671992941,0.2720139861574167,0.283860710985671,0.2535700516879836,0.2331683896185536,0.3716967424987598,0.3155450118640008,0.2462982884403563,0.3602440632903549,0.4298795863869785,0.2481653664239041,0.4633003510567656,0.328943202126178,0.2618759773204186,0.4940259924398885,0.3376559859568689,0.1396478767681891,0.3324237233347723,0.1785581223435631,0.1360945521610638,0.1313045953765673,0.3952539114554917,0.1350304004589711,0.1655611816542384,0.2572170170149973,0.3745008330351177,0.464637249360013,0.1448034748136942
2022-09-30,0.3833088634319098,0.2887171997086104,0.1536847726735456,0.3742852478402996,0.4844172856164558,0.2501661880828519,0.426187713112061,0.2843565565211713,0.3757741856515583,0.3363391857848011,0.3680216141625241,0.3685478685850611,0.4145790304039952,0.2757099132901443,0.1476484598836227,0.4294065737475183,0.406413980164255,0.0227487020192057,0.2690446917953715,0.4174115654020787,0.1629529330067849,0.5432954191570106,0.2634711901948089,0.2386329529516407,0.5297777682204523,0.2922775584840517,0.0409755800103531,0.2938987085775911,0.0569724601396245,0.1458958806615061,0.1472571640648229,0.3290346389723516,0.2397965265870824,0.2759614670793833,0.1105033631233328,0.3699840706613992,0.4663962724080603,0.1477669119384247
2022-10-31,0.2942665060173573,0.1463417038502308,0.2024141244411912,0.4791581859624062,0.1533219892375862,0.2762685903500956,0.2251911802119788,0.4447792490664018,0.4148523182839967,0.3899644448448873,0.1862850580736447,0.5230885309592829,0.2824637978375943,0.2690816747420883,0.3616693882244668,0.4030322771965456,0.436142536978051,0.2653436397080606,0.2373092288349902,0.2609667920336448,0.2749850884443248,0.2828510665843219,0.2556671459414771,0.3071203364526311,0.276460425124839,0.2102529702413933,0.2158007220980169,0.4659688222521019,0.1989758991644408,0.048563353068215,0.1436029829630992,0.3789331469587494,0.3587562102814525,0.19305102108752,0.3014324136240858,0.2453764272645096,0.3929261071282834,0.1633076246200414
2022-11-30,0.0489738221667762,0.2042369014569554,0.3027128905274239,0.2852968234713345,0.3011233314879543,0.1794288885417645,0.403191600043986,0.3070990510537788,0.3345454223933316,0.3601695251282841,0.3424994384554692,0.2604635095264487,0.2862077707533955,0.2507055349188559,0.2176799690638044,0.2834444543791728,0.246978208845196,0.1213802909040674,0.2758061433592053,0.2198270783024458,0.1930325950744344,0.331461987433606,0.2285843608001304,0.0890915923751469,0.3581918066360404,0.3155432382678489,0.1236766601086287,0.338930734454816,0.1761393175250223,-0.0087720808246187,0.2638569793493009,0.345245020348828,0.2344744667209969,0.2127873032470667,0.1148984712461785,0.3452262155105091,0.3389672277625467,0.0074286514745898
2022-12-31,0.4223182583037745,0.3662505642857535,0.2820735726958251,0.340421045722608,0.4031382519131252,0.2347166204669605,0.4012897010953945,0.303112876379181,0.3532154155116401,0.242093286452295,0.2965470459994413,0.3071095172925729,0.3773150198985888,0.3052893558223531,0.2306335776722543,0.3434284580790436,0.2980062715157547,0.2796174125966347,0.4002378222543515,0.2794622230175884,0.3240454399606861,0.3071194965432274,0.4634080583599301,0.1453673848061727,0.3617226477580992,0.3651756991077488,0.3201554565415686,0.2763746817721527,0.2730861878583663,0.1177967322732628,0.0880311761872824,0.3265614000611766,0.222658307207884,0.2696668486698304,0.0900770685794649,0.172864058227636,0.3773689606163219,0.0590847845446734
2023-01-31,0.4503996096183109,0.3769712750713692,0.375707700783927,0.5889856328107932,0.3697976340681337,0.3922726633945102,0.2642031384808012,0.4129311476155388,0.4242595237315814,0.5752885447692424,0.3048861979913033,0.5195294145582279,0.4056365277710324,0.3393809424027606,0.3898148962365237,0.3837124525949046,0.4477886608680545,0.3444558880285845,0.3769719221175072,0.3204497541212774,0.5597998165886299,0.3363100185050579,0.3434299154243674,0.2287612850493369,0.3639858004687487,0.3668929380124318,0.5441512497515403,0.5473509995279947,0.4701591006305631,0.1588853183524652,0.0858973802750312,0.3492663080360445,0.2359702729058464,0.3147594421678498,0.2592902932338364,0.3501960127045855,0.1404040379016355,0.1498041703628192
2023-02-28,0.4092238684756025,0.2830061929108048,0.0878357225178657,0.1909063705607604,0.2968259490473881,0.3981376086678502,0.2901007969202464,0.3349534361656727,0.0456290604893187,0.460409128782276,0.2047008954923304,0.0900644765299653,0.0428172290359491,0.2215657778644323,0.409682868234675,0.0466856780412166,0.1107085833942427,0.4023353873427251,0.4528628228876541,0.259387155372635,0.2743150238540082,0.2622818640877223,0.410325806664261,0.2606787008541321,0.292250337160236,0.3893081286036419,0.3491007331770012,0.4028871321086447,0.2554733728759567,0.1201866529470026,-0.0068521618423184,0.074482703541777,-0.0109030502761313,0.1420344292427487,0.220430504653326,0.2770753590578992,0.3081385472727999,0.115736994240268
2023-03-31,0.3734749345779294,0.3120106873367281,0.352553621028962,0.2463646419395835,0.3837700865826671,0.2240238017221533,0.321834471569111,0.2879763608905245,0.2956842660658159,0.2031107695214554,0.4349192615309031,0.3415202662320284,0.2507701979332127,0.3443139810780754,0.2444979197130544,0.3274540278786013,0.2407184983926412,0.3333181791009837,0.3893782159025478,0.2453064238996645,0.27587661764854,0.3355125141684455,0.3832103894867433,0.23172005877674,0.3701429614432804,0.3405661536571121,0.2754925095287643,0.2429449931800785,0.2470696517872097,0.0706874943454869,0.2957326617601362,0.3501680755840824,0.1949493454531483,0.2087244299284064,0.2219311318707594,0.2633748628660673,0.2433996192095646,0.0855191602986926
2023-04-30,0.3639051942324172,0.4242734996029478,0.4139501537658759,0.4264068259118686,0.4811378795929604,0.2753647283691366,0.4579533756742091,0.2489550940028122,0.3762116054972829,0.3351837240288882,0.4761289002386158,0.4014765928402063,0.468526877109709,0.3878771210588518,0.2648031445241061,0.2622977340824337,0.3769353728313492,0.523822111525505,0.3443057205536283,0.3646304687370879,0.3947288679000887,0.4427348183828501,0.440492690971931,0.2263615513800075,0.4449210059124111,0.3168133760383788,0.4087978887100337,0.4453555430919044,0.3710341453881415,0.2057212659716866,0.320352781835585,0.3870255474195819,0.2995725098966386,0.3753727399942918,0.1862290554329478,0.2897003577557053,0.3350172370678644,0.125773621184933
2023-05-31,0.4951284900715578,0.353539317630706,0.5052551544347526,0.539523696132179,0.5683666006798168,0.3879693491304096,0.5786029703831785,0.4464988196170308,0.5044756599971716,0.45976566258612,0.5303966764295157,0.483744463801699,0.5417490485840517,0.5853612642019497,0.409381245389062,0.5481163036935617,0.4154757379429971,0.5824345694262708,0.4482695764800357,0.4921815919041359,0.4870221068614386,0.5235759196666537,0.5164428588002992,0.3193053129783397,0.5636751553025854,0.4451484595078848,0.3860901040838315,0.4489488036557462,0.3717477089718163,0.4605632766463734,0.38460288604662,0.4895262844462278,0.2543258147162701,0.3319650470125027,0.3446609016711055,0.3847994319505953,0.4584296768252952,0.2005970603702436
2023-06-30,0.4870529067131137,0.4182495152649064,0.289699097889703,0.4193900019418609,0.6009017841481619,0.3048664209430741,0.5656895987831603,0.4516161370069136,0.44059849912035,0.3693250852795328,0.47592417895466,0.4071341961951171,0.200668424590085,0.3759928457011516,0.359375842553197,0.4879525783364412,0.4918396388778424,0.2421719148716604,0.3797969922348163,0.4044217504034981,0.1965477378241347,0.5151691255614725,0.4446094800663052,0.312565667673171,0.5961307658314193,0.3726779033754381,0.1641199257356825,0.3376639306342507,0.1695250754301602,0.2432540232577152,0.1352059430809724,0.4794036857121204,0.190111364065306,0.2307647415834038,0.3106803840676519,0.3205649235810136,0.4453920707570006,0.198950800192683
2023-07-31,0.3517473866856865,0.2134686286289281,0.2926739135729666,0.4989519317047441,0.4219582683693945,0.3593625111186691,0.267479386679819,0.4562341215989358,0.4717378306714761,0.4535054426437036,0.1964928889248,0.5630451375700353,0.5361425570085304,0.2873515717196251,0.3642684150445442,0.493298683091224,0.5342664215746585,0.3527507452375427,0.3497025995797955,0.4197104317505923,0.4897502556409522,0.4053488680959085,0.325085830149047,0.3567815061769544,0.396947315261836,0.3237980040706348,0.275674644095126,0.4437511069148496,0.2394069108759343,0.2212120589330214,0.248737784560548,0.2677223724126104,0.4080370163647215,0.0949545679805342,0.2898042799112928,0.3633200875740067,0.45067189394988,0.2236244204825291
2023-08-31,0.3562105970563264,0.2603375483539012,0.2493462562493389,0.3498182232591799,0.5703397598866913,0.2986629993160319,0.3912795210253443,0.3394326906790733,0.3939660590085591,0.3090405595420694,0.2798782919860432,0.373243034306481,0.479964324265925,0.3316023208133509,0.303928134839146,0.409737139330107,0.4105991863749781,0.3681073766564989,0.3564272048432131,0.3924294626052936,0.3685147770232633,0.4775757532647687,0.3592866626267648,0.3851553506173604,0.5032762302920923,0.328732600191797,0.1645435046536834,0.3085844290686947,0.1713357613418389,0.3845870508952717,0.1534542938061364,0.3517999369873641,0.285227098599047,0.1957017853063936,0.316208617464246,0.3745620095462305,0.4325908218826533,0.2149678393732311
2023-09-30,0.2899860455645198,0.235672544342814,0.3806540075870308,0.3653403108863071,0.3843550087312466,0.2969247779977864,0.3235401270935731,0.4280946188997493,0.4762813504760191,0.3255231358582323,0.2419535948879243,0.4296211607636007,0.4662644071650426,0.3110716100896502,0.364631115456858,0.4429041061803995,0.4293972330761487,0.3604722650169823,0.2414892414325481,0.3375790083915319,0.4185581572991605,0.3362534668873191,0.2227259277563384,0.3563506810922323,0.3633100914492397,0.2698441500407008,0.2866938666223017,0.3386352141928696,0.3301765272279731,0.2609406535239885,0.2238068979703258,0.3642506997412963,0.3213874177312658,0.2212264949999955,0.3407152332598385,0.3525148948646008,0.4080129285435607,0.2040448280060663
2023-10-31,0.2504993724117768,0.4361496880041426,0.3382691968907546,0.2131903457860211,0.4180685068978848,0.203461217450848,0.4983741172584107,0.3076615517862467,0.3672993084939788,0.1606548665498285,0.5526905255822105,0.3717519552011361,0.4288427063567767,0.4434931568121745,0.2921881121940593,0.3416532633178942,0.4235165926502658,0.3440796123902644,0.2737097836276511,0.3687174815732096,0.3627303278714727,0.3996387376376304,0.2475072776966426,0.289034177003359,0.423401775193056,0.2886015362109865,0.2487009706565271,0.1982880337578828,0.2453789954005029,0.3658465661761388,0.2702370207952386,0.2910739467078219,0.3414588284037749,0.2857256941988392,0.2643229088764291,0.3291039191351713,0.4158821824412002,0.1954514124846299
2023-11-30,0.2378943476220698,0.3057470450446338,0.1721156199600459,0.1742629365554055,0.4222405008730751,0.1117940363239885,0.3322330312729976,0.1816850855680929,0.2470971760378,0.0816206534874958,0.3204969042625701,0.2220116066517375,0.1974056363529801,0.2101618951424879,0.1343099220132733,0.2458199647286317,0.3034975511389851,0.1160332664555013,0.1921861633525792,0.3113677850373182,0.0992280909885429,0.3900416831874856,0.2102605823666922,0.196579749562886,0.366307056286392,0.2229893689581381,0.1164876204347839,0.0932689288646236,0.130770409313082,0.1153004437487622,0.1853927023060583,0.240449444197523,0.3130317024819688,0.1882748596468599,0.1923718599462151,0.3072320081139927,0.4344062027063817,0.1072152193344881
2023-12-31,0.3011961805518988,0.2703061023319103,0.3732747793461689,0.4711992338855085,0.371076844237156,0.2082068783773219,0.2742843945443633,0.4581283954812879,0.4571575850307887,0.3503757782266736,0.3132791798969367,0.3675014082641226,0.3785331338689031,0.3599484539749688,0.3701814591390435,0.3838964691361549,0.4280037486755315,0.2791686583615,0.2154124232664636,0.3603844378773886,0.2717000386742781,0.3682384561072856,0.2427400481758808,0.2283556995267955,0.3126257981042254,0.2448930746046477,0.3221025577729648,0.4221489546454223,0.2646647717456629,0.2708468044793395,0.0900816457628967,0.4383940561928453,0.2178460105444373,0.2690379436004607,0.3477001195581725,0.3456015851128328,0.3851073925909619,0.1055105298855599
2024-01-31,0.4674789974100131,0.4220388667289885,0.2270306452270762,0.4732902428516725,0.3852832876836791,0.294925694579703,0.5109944084214082,0.3392966114601917,0.2981508180209803,0.3899001452913449,0.3508327782297048,0.4279111732947672,0.2140155230754876,0.2954981588331609,0.3289338859763111,0.3826379974672624,0.393309748953487,0.1726609121289544,0.339083382589434,0.3742156819870194,0.2031452678864564,0.4796204430912099,0.4763357365121584,0.1992771416207158,0.5110863389785532,0.2882375447013205,0.2203318918337375,0.4063336061906184,0.2620103432863383,0.0701960880910316,0.0474348763594829,0.3634311620543886,0.2215875765984929,0.2349026650825311,0.2002576688004625,0.3237965630942057,0.3782303510997152,0.1326183447130152
2024-02-29,0.316812127685134,0.3681245254504959,0.4005964412754011,0.4270195153476397,0.265446321366777,0.3059349024515459,0.4313360677318023,0.5344534552238462,0.419695267396181,0.4447735880358343,0.349800921987197,0.3964488738590855,0.2306791566955988,0.3319177931158801,0.3362155294411335,0.4290201314885583,0.2979947002106668,0.2050364420176312,0.3214046986887007,0.2556359625086307,0.2714738666158938,0.2482756278617722,0.3033310910736845,0.1608779092792061,0.2501419674959865,0.2510685877583148,0.1929279891035319,0.3394723293273756,0.2493593041641465,0.1357566291528772,0.2841989495291013,0.4057978150518499,0.1443079395866706,0.2072733987880617,0.2602816098687882,0.1224329503374777,0.2319452304532317,0.0682612737691619
2024-03-31,0.2728439844182764,0.3629192580734485,0.4190554780885386,0.4054868351195618,0.1939727889310313,0.245948854156075,0.4016050485800312,0.4166822105265789,0.3383097452297452,0.2526284810124981,0.3078719142725746,0.4638558207757625,0.3358823854356069,0.3664763966068525,0.256345230937848,0.357710059040322,0.2795582934117721,0.2049415882479794,0.4076079135665171,0.3421673980166958,0.3782411516925983,0.1742479521471919,0.3524735700587151,0.1423367170179558,0.1793974433260032,0.3558574903105823,0.271032346672017,0.3994656432406731,0.2401956015378121,0.1630485276905134,0.2277796404106499,0.3767553637129133,0.3507671021109946,0.2281078583629603,0.2254887749265504,0.3390644436834687,0.2806119283237416,0.0562977597875979
2024-04-30,0.3252496384265656,0.2952617390381671,0.3366296951386742,0.3078908732759309,0.3691501929242156,0.2229475856326178,0.256471451267921,0.4121445313150477,0.3393179185346225,0.2816609019720867,0.2864686038614878,0.3144632710077397,0.3710653378953523,0.2902697310758212,0.2783325309376276,0.3868976898266706,0.392359397797985,0.2359005488271931,0.4065613650627034,0.2779335145118212,0.2194333114406953,0.3279906949456415,0.3090163456228563,0.2788280863183596,0.5290524675358232,0.3641208453238109,0.209616344128629,0.289680574509344,0.2849452302666237,0.1476795774286073,0.362096017777326,0.3193597312780067,0.1806445295956984,0.2795190259548745,0.3156635801136295,0.3870949018276344,0.3829251949842671,0.1085302352657464
2024-05-31,0.4050979992376036,0.2436363828550274,0.3417252672336627,0.5941098278877233,0.5396756869288579,0.3164484082577468,0.3766711246520977,0.4446582860266357,0.543708490913765,0.4550661362949731,0.3638908911218435,0.5891149047396186,0.5955329114701196,0.4160234964953896,0.3713134625863652,0.595618871561599,0.6047104661172087,0.4610726912210429,0.3263336300022783,0.4120478850466247,0.4682092487105661,0.3945318090861134,0.3830189590054511,0.2895854279382058,0.5513961311781409,0.3714264923263364,0.175232706954911,0.5389709698636149,0.2135637910110924,0.3452793862509344,0.2272884639279965,0.5024678160200663,0.354066500927609,0.3135872864801752,0.3005524007001639,0.3844521114518836,0.4131174071889214,0.1775687890828823
2024-06-30,0.3269861752020491,0.2556448593642924,0.3649165889385552,0.4715335369068493,0.3481823826508841,0.284834429090277,0.2293959984287371,0.4616910637732038,0.5095939730486584,0.3653825768073224,0.2465350621890475,0.5977951982239169,0.570768674619648,0.2929602284419143,0.3402771320836584,0.5689664445141224,0.5994141921356676,0.4450787909988266,0.2405488105363036,0.2958519282455968,0.5099058042732912,0.3852984464132174,0.3225863891058806,0.3158502271516121,0.2911395887774624,0.2620520632598496,0.1650988782583524,0.4002868222918983,0.2394186719392847,0.2361733851082988,0.2555014411036035,0.4680023164197955,0.4312317229849949,0.2025019034820865,0.2791211802036468,0.3483560154757311,0.4365212550408481,0.1767336875763948
2024-07-31,0.4594756577373065,0.2538795156397996,0.3578418799651204,0.3783010196861611,0.5975230230777322,0.3327998371097929,0.4241932841480876,0.4465105343554219,0.4258366061311286,0.4138034858231297,0.2814443441398863,0.4620149037334345,0.50756888360476,0.3849360829492227,0.3884387159789445,0.463735538111454,0.5260995409532134,0.3591697437712354,0.3651542757094725,0.4724726605540703,0.4093462649178256,0.5374685266372796,0.4253690746074434,0.3666326400872201,0.54143330580823,0.4002299572360457,0.197001497095332,0.3799411483402847,0.2045904091548393,0.2846522368625142,0.311493303855248,0.3875139838553118,0.4065214965887836,0.2507024917157758,0.3332547000639117,0.3700429157170064,0.4897710769286097,0.2052704082799696
2024-08-31,0.3191412490022456,0.2634114073340564,0.3357814547893833,0.4048523735423784,0.4073615708251832,0.3302521285324837,0.3467955437158067,0.4818927326778356,0.4818790738647051,0.3961236396540333,0.3659471084500904,0.4695061295735775,0.4975487274006147,0.3596501191508409,0.3909014478221562,0.481483321087862,0.477328747011538,0.5119646535178222,0.3645209423278754,0.4162560154971697,0.4574955215082532,0.4247063281609577,0.3053892221309475,0.3787634622479734,0.3608262262160014,0.3017917477637108,0.2053107968031917,0.35625809477739,0.2285164604233014,0.4404471010973685,0.1769608011611349,0.3829230138443892,0.3567833451932382,0.2049347586853663,0.3711500150372813,0.3110401430913287,0.4264506945159764,0.2218137334226742
2024-09-30,0.2747215853563751,0.2736746830266819,0.1828850252665581,0.2663526997653568,0.4092943714660284,0.2341566362683722,0.3447563758796028,0.3594707405846027,0.3443161016895307,0.2711067326920395,0.2706780464381396,0.2717159041451203,0.3063487455253553,0.2623372340680286,0.2781855154727722,0.3623579102371325,0.3468416163412572,0.2321537965063736,0.2548023393083842,0.3476021537545494,0.1822159438989595,0.4041643094093354,0.2739402380889906,0.33811580969861,0.3646619505712002,0.2531898396328381,0.160842395680361,0.246576340268934,0.1735107257309187,0.1670009040587352,0.0790535004969784,0.2991155181065706,0.277686834746297,0.1800262983668385,0.2945548983500481,0.3390258916152921,0.3926084653991218,0.1772414739404646
2024-10-31,0.2418134424868327,0.3161918875718614,0.2286979795328035,0.3577412751334146,0.4167162864109033,0.1736014320983278,0.3763275898544062,0.3951732573144358,0.4458702199071151,0.2074281265367406,0.3640315815966452,0.4246803147544838,0.3977504596810025,0.2636713616595215,0.2637984554309175,0.4080562408796581,0.4709298279369898,0.1688329113358682,0.187447002700603,0.2670402707888831,0.2945083190094574,0.3392521843347416,0.2082026173635266,0.2220421994334855,0.3677128322719624,0.2278043889958568,0.2325030807992864,0.2200214890266222,0.2492129857862068,0.1864068005027501,0.1306697394219665,0.3776526054712126,0.3785347631800607,0.2477537364728127,0.2319847500494579,0.3004756875895872,0.4087783882850519,0.1381880124704927
2024-11-30,0.261255935616944,0.30851642366385,0.233201470687355,0.26286802329295,0.2965732206301752,0.0956749411425938,0.3986254310012792,0.1834051712521412,0.2561811926157488,0.092949422234694,0.323248506592505,0.2483299511946131,0.2871135443623269,0.2996222314177987,0.1875470542239071,0.2422096304155369,0.3297557713006754,0.2715370379576526,0.1971564548903438,0.2398691198902295,0.2132837481997117,0.3056945856318783,0.1887597879508751,0.1789780881924027,0.2490303773484037,0.2198070251094738,0.2440815967197655,0.1367088475408665,0.213578528613975,0.083404330627606,0.2724164198566743,0.2758779800639594,0.1838477232191602,0.2016260822580318,0.1507185579650867,0.3604857174902213,0.4580406575072234,0.0639276904567652
2024-12-31,0.6177544863203162,0.2587117181197781,0.2652230880252423,0.4106464970098592,0.2883602127561463,0.2468586995140467,0.3841325116829868,0.2738998841516948,0.3352477519946991,0.4281495406776773,0.3804671506938207,0.3477446418350218,0.2795886266279589,0.2595657677211507,0.1557787924926745,0.329911633450747,0.3181713561844917,0.3346180057357834,0.3340060286403536,0.317108448733317,0.3794374548669125,0.2025328184908786,0.4801413354836882,0.1480385950013907,0.2714132789057055,0.3427919814243971,0.2670004748389664,0.3562486152705336,0.3803182522724789,0.0914784725370062,0.1296305894754408,0.2388264419221874,0.3018473565823791,0.1688409767151882,0.0552583262147084,0.2914558129291765,0.3333947863531991,0.1299519381314713
2025-01-01,0.5042996260706949,0.2696918835185712,0.24475967197497944,0.3550489486609246,0.31065610242079156,0.2230001075132875,0.4135731905242974,0.22010247797699728,0.2880675341258747,0.35568681690342796,0.36493424460576085,0.2958755084595559,0.2481061527684647,0.255544897440474,0.18262000044734444,0.28321884515170404,0.3202979546708865,0.32810328913413134,0.2754133757149013,0.309922851984157,0.2985692419493966,0.25423624701496905,0.37347052753485743,0.16292912233094484,0.2750946800539358,0.2933860384170198,0.2521744489383774,0.2683689212246829,0.3422378522926102,0.09393975617161804,0.16776775470093,0.2519929133576276,0.18441961470742999,0.16383274736575318,0.11526941205760292,0.33565662465571744,0.40849271545562027,0.11712929884309488
2025-02-01,0.5350714457710529,0.26425606031233095,0.25094447620695365,0.3729305521890087,0.2896272581022854,0.22030686195376453,0.3889070384956743,0.24850726177840407,0.30997612409791336,0.36196214753698175,0.36535896815930236,0.32128219078931497,0.2653914681180066,0.2572973151555434,0.16035795693976235,0.3062494246360601,0.3168332433824107,0.3205965165707984,0.29885230633466614,0.3068724761917526,0.3333800053984333,0.2269730808663769,0.409262649146133,0.15263649459483994,0.26564987682601443,0.3115994204118096,0.25377274774082925,0.30157521239547636,0.3499188630783063,0.08795487443247679,0.15457276716356586,0.24382664855870312,0.23018487626441717,0.16385958576199572,0.0737787595131317,0.30683724551242597,0.36218642844496696,0.11769830468602799
2025-03-01,0.5232836378896338,0.26301579529718344,0.24644519727766587,0.3623291739922533,0.29857706145349466,0.21916893028575382,0.3987827036509867,0.229190556520994,0.29704750669038515,0.3610264424916796,0.36307294583654004,0.30316886375342456,0.2569906370369992,0.25352135282372346,0.1703916337360445,0.2897977617969446,0.31559300528329315,0.3222504952540587,0.2836807130755239,0.30496125915422845,0.3153332812062627,0.23543510560565842,0.3926750530470077,0.15468501397095957,0.2666904596639685,0.2990842331747091,0.25199800929323957,0.2832281478379265,0.3462531934256421,0.08697487925422956,0.15611366996220474,0.24477752734919814,0.21474557948684742,0.16319763862363437,0.09789049508487285,0.319261024838883,0.3834657690032891,0.11452746380533997
2025-04-01,0.5232383981115792,0.2608224964187665,0.24567490061143846,0.3637291709304696,0.29039829607391465,0.2158017240159023,0.3901628773016458,0.23778205807670424,0.3009257505799076,0.35760782381268036,0.3609196816832716,0.3116419111901145,0.2585651325281859,0.2524112165320466,0.1618132696924289,0.29717420841776276,0.31348318309335277,0.31764642883028915,0.28852114484587443,0.3023509345568534,0.32103971243403984,0.2288574757919772,0.39601436053315353,0.15100172272573043,0.2629151371772862,0.30231993838704974,0.2501864825617387,0.28835757396799405,0.3449689740463262,0.08432255994314097,0.15331270134520278,0.24181763082821756,0.21659519981782357,0.1602184754790171,0.07984559301839213,0.30981172253143213,0.3684896284558697,0.11277561983399594
2025-05-01,0.5204488028821403,0.25878625894182544,0.24371608859745542,0.35972156786785353,0.2912603041889899,0.21343388171094127,0.3907601474668702,0.23005140592898762,0.29686133739615345,0.3559374038482861,0.35896773124541437,0.3031537575482354,0.25693719250747854,0.2501635970630274,0.16312048993344253,0.2895890333047213,0.311710395868542,0.31637191866000797,0.28233436943495577,0.30003820224645866,0.3161906041544469,0.2283378608995098,0.39153755881238944,0.1499292835306457,0.2606541248027455,0.2969723013300143,0.24878537447452354,0.28233002797274476,0.3435070481964407,0.08197942481864319,0.15183842646933438,0.24053964192631033,0.21471145466032304,0.15979264428353712,0.088821380512392,0.3115768688597856,0.37286600844651896,0.11042540343101596
2025-06-01,0.517946143464427,0.25675639276722934,0.24212538089772392,0.35823733691545584,0.28749676648307343,0.21071053721014837,0.3868900479377526,0.23183839058793396,0.29654287581726757,0.3536100288072707,0.35684434708647256,0.3056583378942127,0.2561766636923344,0.24840654237301843,0.1594734378107367,0.2916060766861026,0.309806466181194,0.31343627838718585,0.2824002400139701,0.2976041019299227,0.3160034129526681,0.225429033136126,0.39017257997876564,0.14766350523202126,0.2582429053042828,0.29637677026596265,0.2471302608312665,0.28170555935038577,0.3418421199746873,0.0796880696751409,0.14994433288341324,0.23853664722692014,0.21332738995328024,0.15748935658929475,0.0804914209715484,0.3076955509232266,0.3667793821097828,0.1083342299620244
2025-07-01,0.515715679087421,0.2547029049622318,0.2404098956689074,0.35556818605925405,0.286085695369275,0.20811160447913432,0.3851716630397181,0.2280946262932235,0.2944339603175808,0.35146837099438993,0.3548390654362378,0.3010173074412913,0.25521966980578104,0.24642229790171521,0.1581821261787118,0.2873890115333869,0.3079545623468282,0.3113338036668466,0.2788887537140734,0.2952201870300719,0.31376056060943813,0.22346346268551567,0.387580759071744,0.1459529274050954,0.25557247361451263,0.2931643151744682,0.24559717362361191,0.27845345820378703,0.3403563976335202,0.07730586108467348,0.1481860608407353,0.23684689060000938,0.21197825596643044,0.1563778387572174,0.08324543547451765,0.30662886145691076,0.3664578039406887,0.10613061342256942
2025-08-01,0.5131687364196288,0.2526650891907105,0.23874823475544135,0.35344796576209414,0.2834691843419699,0.20546099065733361,0.3824134013554876,0.2275557098142819,0.29320337087934134,0.3492853023305937,0.3527533795015683,0.3010153119784079,0.2543028112613273,0.24455307556611722,0.15584088625815593,0.28724430631354475,0.3060812520182792,0.30879942069026645,0.2774236009723175,0.29281502279351806,0.31242660966732333,0.22111650344802655,0.3854507829955265,0.14397762521952714,0.25320495211227734,0.29137598548826293,0.24400701266889466,0.2764767143682537,0.3387600809111562,0.07498771983864662,0.14638369911151802,0.2350214764835836,0.21058151554886945,0.1545553120377735,0.07889830924116499,0.30416862513581117,0.3629027963594156,0.1039755549054906
2025-09-01,0.5108688340113557,0.2506192919966819,0.23705637161066023,0.3510806036907845,0.28147936458855144,0.20283803797457953,0.3801610334400805,0.22516342208411236,0.29152626153346284,0.3471099018612668,0.35072268917388905,0.29800749041156244,0.25337164886949304,0.24262085607398762,0.1539202805388266,0.2844303133521038,0.3042172282753569,0.30649737616018224,0.27479253344092985,0.29041906703775316,0.3106878126826074,0.21893120044742953,0.3831662332056923,0.14213181610547782,0.2505963186187588,0.28882222373390065,0.24244545868086426,0.273882961855185,0.3372263379969434,0.07263160379290705,0.14459541038817056,0.23325496565208045,0.20919873304845227,0.1531471046797985,0.07910216486336044,0.302393869136417,0.3611861091283897,0.10179974073014979
2025-10-01,0.5083967949069036,0.24857707037849,0.23538402610431164,0.3488194854393311,0.2791578151074662,0.20019765968533798,0.3776607964862149,0.22384155832820093,0.2900858214171066,0.3449323117614665,0.3486545533373559,0.29694407993786487,0.2524531137723064,0.2407252140565734,0.15186736805905096,0.28336935379017786,0.3023489057814018,0.3040665342853122,0.27282200445134736,0.28801902729195256,0.30913173239206415,0.21667254978636954,0.38091776792829035,0.14022117793480476,0.2481556809599173,0.2866751295073883,0.2408682308952404,0.271586993951728,0.33565756108585737,0.07029713796066149,0.1428028022610012,0.23146280170506286,0.20781789288091565,0.15149870062305784,0.0763885223036281,0.3002846285199649,0.3584145673695707,0.09963264161624885
2025-11-01,0.5060395811012498,0.2465334014925792,0.23369855555390173,0.34651615283729287,0.27701539578740214,0.1975688618033559,0.3752828514439278,0.22190195894228,0.28851436490105825,0.3427565335189873,0.34661166257561066,0.2946243678461924,0.2515223990181696,0.23880746224936475,0.1498246970763264,0.2811558094276942,0.30048271479957267,0.30170862701323886,0.27047980963399615,0.2856208476978239,0.307491468417508,0.2144499884414347,0.3786747199427074,0.1383436334259499,0.2456052015601527,0.28431435836284075,0.23930015746323188,0.2691474557973112,0.33410869753302225,0.06795023562092224,0.14101142844049874,0.22968185200366864,0.20643129541099225,0.14998998062530638,0.07554566063665033,0.29833683946603473,0.3562519082585069,0.09746199951021464
2025-12-01,0.503607071721744,0.24449024670667652,0.23202191647585138,0.3442270860349942,0.27477419399300873,0.194932329240104,0.3728441398801597,0.22031867787450832,0.28701847563180755,0.34057902805204787,0.34455192460356565,0.2931156682746901,0.2506020713937803,0.23690344300167832,0.1478159494239789,0.27970054705199204,0.2986153974296255,0.29930880950198946,0.2683450344830619,0.28322179212812876,0.305891166027504,0.21220816623732228,0.3764150356141242,0.1364489278135778,0.24312411313446883,0.28206456568226984,0.23772655370747608,0.2667771550687653,0.33254828541768316,0.06561062444096881,0.13921974751426214,0.22789597547501667,0.20505000591526912,0.14839951678089755,0.07350296005481134,0.29631228323368536,0.35373647396515473,0.09529271020461287
